K2_2,K2_3,K2_4,K2_5,K2_6,K2_7,K2_8,K2_9,K2_10,K2_11,K2_12,K2_13
1,1,1,0,1,0,1,1,1,1,1,0
0,0,1,0,0,0,0,0,0,0,0,0
0,0,0,0,0,0,0,0,0,0,0,0
0,0,1,0,0,0,0,0,0,0,0,0
0,0,0,0,0,0,0,0,0,0,0,0
0,1,1,0,0,0,0,0,0,0,0,0
1,0,0,0,0,1,0,0,0,0,1,0
0,0,0,0,0,1,0,0,0,0,1,0
0,0,0,0,0,0,0,0,0,0,0,0
0,0,0,0,1,1,0,0,0,0,0,0
0,0,0,0,1,0,0,0,0,1,0,0
0,0,1,1,0,0,0,0,0,0,0,0
0,0,1,1,1,0,1,1,1,1,0,0
0,0,1,0,0,1,0,0,0,1,0,0
0,0,1,0,0,0,0,0,0,0,0,0
0,0,1,0,0,0,0,0,0,0,0,0
0,0,0,0,0,0,0,0,0,0,0,0
0,0,0,0,0,0,0,1,1,0,0,0
1,0,0,0,0,0,0,0,0,0,0,0
1,1,1,0,0,0,0,0,0,0,0,0
0,0,1,0,0,0,0,0,0,0,0,0
0,0,0,0,0,0,0,0,0,0,0,0
0,0,0,0,0,0,1,0,0,0,0,0
0,0,0,0,0,0,0,1,0,1,0,0
0,0,0,0,0,0,0,0,0,1,0,0
1,0,0,0,1,0,0,0,0,0,0,0
0,0,0,0,0,0,1,0,0,0,0,0
0,0,0,1,0,0,0,0,0,0,0,0
0,0,1,0,0,0,0,0,0,1,0,0
0,0,0,0,1,0,1,0,0,0,0,0
0,0,0,0,1,1,0,0,1,1,0,0
1,0,1,0,1,1,1,0,0,1,0,0
0,0,0,1,0,0,0,0,0,0,0,0
0,0,0,0,0,0,0,0,0,0,0,0
0,0,0,0,0,0,0,1,0,0,0,0
0,0,1,0,0,0,0,0,0,0,0,0
0,0,0,0,0,0,0,0,1,0,0,0
0,0,0,0,0,0,1,0,0,1,0,0
1,0,0,1,0,1,0,0,0,0,0,0
0,0,0,0,0,0,1,0,0,0,0,0
0,0,0,0,0,0,0,0,0,0,1,0
0,0,0,0,0,1,0,0,0,1,0,0
0,0,0,0,0,0,1,1,0,0,0,0
1,0,0,0,0,0,1,0,0,0,0,0
0,0,0,0,0,1,0,0,0,0,0,0
0,0,1,0,0,1,0,0,0,0,0,0
0,0,1,0,0,0,0,0,0,0,0,0
1,1,1,0,1,1,1,1,0,0,1,0
0,0,1,0,0,0,0,0,0,1,0,0
0,0,1,0,0,1,0,0,0,0,0,0
0,0,0,0,0,0,0,0,0,0,0,0
0,0,1,0,0,0,0,0,0,0,0,0
1,1,1,1,1,1,1,1,1,1,1,0
1,1,0,0,0,0,0,0,0,0,0,0
1,0,0,0,0,1,0,0,0,0,1,0
0,0,1,0,0,0,0,0,0,0,0,0
0,0,0,0,1,0,0,0,0,0,0,0
0,0,0,0,1,0,1,0,0,1,0,0
0,1,1,0,0,0,1,0,1,0,1,0
1,0,1,1,1,1,1,1,1,0,1,0
0,0,0,0,0,0,0,0,0,0,0,0
0,0,0,0,0,1,0,0,0,0,0,0
0,0,0,0,0,0,1,0,0,0,0,0
0,0,0,1,0,0,0,0,0,1,0,0
0,0,1,0,1,0,1,0,0,1,1,0
0,0,0,1,0,0,0,0,0,1,0,0
0,0,0,0,0,0,1,0,0,0,0,0
0,1,0,1,1,1,1,0,1,0,1,0
0,0,0,0,0,0,0,0,0,0,0,0
0,0,0,1,0,0,1,0,0,1,0,0
0,0,1,0,0,0,0,0,0,0,0,0
0,0,1,0,0,0,0,0,0,0,0,0
1,1,1,1,1,1,1,1,1,1,1,0
0,1,1,1,1,1,1,0,0,1,1,0
1,1,1,1,1,1,1,1,1,1,1,0
0,0,0,0,1,0,0,0,0,0,0,0
0,0,0,0,0,0,0,0,1,0,0,0
1,1,0,0,0,1,0,0,0,0,0,0
0,0,0,0,0,0,0,0,0,0,0,0
0,0,1,0,0,0,0,0,0,0,0,0
1,0,0,1,1,0,0,1,1,1,0,0
0,0,0,0,0,1,0,0,0,0,0,0
1,1,0,0,0,0,1,0,0,0,1,0
0,0,0,0,0,0,0,1,0,0,0,0
1,0,0,0,0,0,0,0,0,1,0,0
1,1,1,1,1,1,1,1,1,1,1,0
0,1,1,0,1,0,1,0,1,1,1,0
1,0,0,0,0,0,0,0,0,0,1,0
0,0,0,0,0,0,0,0,0,0,0,0
0,0,0,0,1,1,0,0,1,1,0,0
1,0,1,0,0,1,0,0,0,0,0,0
0,0,1,0,0,0,0,0,0,0,0,0
0,0,0,1,0,0,0,0,0,0,0,0
0,0,0,0,1,0,0,0,0,0,0,0
0,0,1,1,0,1,1,0,0,0,0,0
0,0,1,1,0,0,1,1,1,1,0,0
0,0,0,1,1,0,1,0,0,0,0,0
0,0,0,0,0,0,0,0,0,0,0,0
1,0,0,1,0,0,1,1,0,0,0,0
0,0,0,1,0,1,0,0,0,0,0,0
1,1,1,1,1,0,1,1,1,1,0,0
1,0,1,1,0,0,1,1,1,0,0,0
1,0,1,1,0,0,0,0,0,0,0,0
1,1,1,0,1,1,0,0,0,1,1,0
1,0,0,0,0,0,0,0,0,0,0,0
1,0,0,0,0,0,0,0,0,0,0,0
0,0,0,0,0,0,0,0,0,0,0,0
0,0,0,0,1,0,0,0,0,0,0,0
0,0,0,0,0,1,0,0,0,0,0,0
0,0,1,0,0,0,0,1,0,0,0,0
0,0,0,0,1,0,0,0,0,0,0,0
0,1,1,0,0,0,1,1,1,0,0,0
0,1,0,0,0,0,0,0,0,1,1,0
0,0,0,0,0,1,1,0,0,0,1,0
1,0,0,0,1,1,0,1,0,1,0,0
0,1,0,0,0,1,0,0,0,0,0,0
0,0,0,0,0,0,0,0,0,0,0,0
1,1,1,0,0,1,1,0,0,0,1,0
0,0,0,0,0,0,0,0,0,0,0,0
1,0,0,0,0,1,0,0,0,0,0,0
1,0,1,0,0,0,0,0,0,0,0,0
0,0,0,0,0,0,0,0,0,0,0,0
0,0,1,0,1,0,0,1,1,1,0,0
1,1,0,0,0,0,0,0,0,0,0,0
0,0,0,0,0,0,1,0,0,0,0,0
0,0,0,0,1,0,0,0,0,1,0,0
0,0,0,0,0,0,0,0,0,0,0,0
0,0,0,0,0,1,0,0,0,0,0,0
0,0,0,1,0,0,0,0,0,0,0,0
0,0,0,0,0,0,0,0,0,0,0,0
0,0,0,0,0,0,0,0,0,0,0,0
0,0,0,0,0,0,0,0,0,0,0,0
0,0,0,0,0,0,0,0,1,1,0,0
0,0,0,0,0,1,0,0,0,0,0,0
0,1,0,0,0,0,0,0,0,0,0,0
0,0,0,0,0,0,0,0,0,0,0,0
0,0,0,0,0,0,0,0,0,0,0,0
0,0,0,1,0,0,0,1,0,0,0,0
0,1,1,0,1,1,0,0,1,0,1,0
1,0,1,0,0,0,1,1,1,0,0,0
0,0,0,0,0,0,0,0,0,0,0,0
1,1,0,0,0,0,0,0,0,0,1,0
0,0,0,0,0,1,0,0,0,1,0,0
0,0,0,0,0,0,0,0,0,0,0,0
0,0,0,0,0,0,0,0,0,0,0,0
0,0,1,0,0,0,1,0,0,0,0,0
0,0,0,0,0,0,1,0,1,0,0,0
0,1,0,1,1,0,1,0,0,0,0,0
0,0,1,1,1,1,1,0,0,0,0,0
0,0,1,1,0,0,1,1,1,0,0,0
0,0,0,0,0,0,0,0,0,1,0,0
0,0,0,0,0,0,0,0,0,1,0,0
0,0,1,0,0,0,0,0,0,1,0,0
0,0,0,0,0,0,1,0,0,0,0,0
0,0,1,0,0,1,0,0,0,1,0,0
1,1,1,1,1,1,1,1,1,1,1,0
0,0,0,0,0,0,0,0,0,0,0,0
1,0,0,0,0,0,0,0,0,0,0,0
1,0,0,0,0,0,0,0,0,0,0,0
0,0,0,0,0,0,0,0,0,0,0,0
0,0,1,1,0,0,1,1,0,0,0,0
0,0,1,1,0,0,0,0,0,0,0,0
0,0,0,0,0,0,0,0,1,0,0,0
0,0,1,1,0,0,0,0,0,0,0,0
0,0,1,0,0,0,0,1,0,0,0,0
0,0,0,0,0,0,0,0,0,0,0,0
0,0,0,0,0,0,0,0,0,0,0,0
0,0,1,0,1,0,0,0,0,0,0,0
1,1,1,0,0,1,0,0,0,1,0,0
0,0,0,0,0,0,0,0,0,0,0,0
0,0,1,0,0,0,0,1,1,0,0,0
0,0,1,0,0,0,0,0,0,0,0,0
0,1,0,0,0,0,1,1,1,0,0,0
0,0,0,0,0,0,0,0,1,0,0,0
0,0,0,1,1,1,1,0,0,1,1,0
0,1,0,0,0,0,0,0,0,0,0,0
0,0,0,0,0,0,0,0,0,0,0,0
0,0,0,0,0,0,0,0,0,0,0,0
0,0,1,0,0,0,0,0,0,0,0,0
0,0,1,0,0,0,1,0,0,0,0,0
0,0,0,0,0,0,0,0,0,0,0,0
0,0,1,0,0,0,0,0,0,0,0,0
0,0,0,0,0,0,0,0,0,0,0,0
0,0,0,0,1,0,0,0,0,0,0,0
1,0,1,0,0,1,0,0,0,0,0,0
0,0,0,0,0,0,1,0,0,0,0,0
1,0,0,0,0,0,1,0,0,0,0,0
0,1,1,0,1,1,0,0,0,0,0,0
0,0,1,0,0,0,1,1,1,0,0,0
0,0,0,1,0,0,0,0,0,1,0,0
0,0,0,0,0,0,0,0,1,0,0,0
0,0,0,0,1,0,0,0,0,0,0,0
1,1,1,1,1,1,1,0,1,1,1,0
0,0,0,0,0,0,0,0,0,0,0,0
0,0,0,1,0,0,0,0,0,0,0,0
1,1,0,0,0,1,0,0,0,1,1,0
0,0,0,0,0,0,1,0,0,0,0,0
0,0,0,0,0,0,0,0,0,0,0,0
0,1,0,0,0,0,0,0,0,0,0,0
0,0,0,0,0,0,1,1,0,0,0,0
0,0,1,0,0,0,0,1,1,0,0,0
0,0,1,0,0,0,0,0,0,0,0,0
0,1,0,0,0,0,0,0,0,0,0,0
0,0,0,0,0,0,0,0,1,0,0,0
0,0,1,1,0,0,0,0,0,0,0,0
0,1,1,1,0,0,1,1,1,1,1,0
0,0,0,0,0,0,0,0,0,0,0,0
1,1,0,0,0,0,0,0,0,1,0,0
1,0,0,0,0,0,0,0,0,0,0,0
0,0,0,0,0,0,0,0,0,0,0,0
0,0,0,1,0,0,0,0,0,0,0,0
1,0,0,0,0,0,0,0,0,0,0,0
1,1,1,1,1,1,1,1,1,1,1,0
0,0,0,0,0,0,0,0,0,0,0,0
0,0,0,0,0,1,0,0,0,0,1,0
0,1,1,0,0,1,0,0,0,1,0,0
0,0,0,0,0,0,0,0,0,0,0,0
0,0,0,0,0,0,0,0,0,0,0,0
0,0,0,0,0,0,0,1,0,0,0,0
0,0,0,0,0,0,0,0,1,0,0,0
0,0,1,1,0,0,1,1,1,0,0,0
0,0,0,0,0,1,0,0,0,0,0,0
0,0,1,0,0,0,1,1,1,0,0,0
1,1,1,1,1,0,0,1,1,0,0,0
1,0,0,0,0,1,0,0,0,1,1,0
0,1,1,1,1,1,1,1,1,0,1,0
0,0,0,0,0,0,0,0,0,0,0,0
0,0,1,1,0,0,0,0,0,0,0,0
1,0,0,0,0,0,1,0,0,0,1,0
0,0,0,0,0,0,0,0,0,0,0,0
0,0,0,0,0,0,0,0,1,0,0,0
0,0,0,0,0,0,1,0,0,0,0,0
0,0,0,0,0,0,0,0,0,0,0,0
0,1,1,1,0,0,1,1,1,0,0,0
0,0,1,0,0,0,1,0,0,0,0,0
0,0,0,0,0,0,0,0,0,0,0,0
1,1,1,1,1,1,1,1,1,1,1,0
1,1,1,1,1,1,1,1,1,1,1,0
0,0,1,0,0,0,0,0,0,0,0,0
0,0,0,0,1,0,0,0,0,1,1,0
0,0,0,0,0,0,0,1,0,0,0,0
1,1,0,0,0,1,0,0,0,0,1,0
1,1,1,1,1,1,1,1,1,1,1,0
0,0,0,0,0,0,1,0,0,0,0,0
0,0,0,1,0,0,0,0,0,0,0,0
0,0,1,0,0,0,0,0,0,0,0,0
1,1,0,0,1,1,1,1,1,1,1,0
0,0,0,0,0,0,0,0,0,1,0,0
0,0,0,0,0,0,1,0,1,1,0,0
0,0,0,0,0,0,0,0,0,0,0,0
1,0,1,0,0,0,0,0,0,0,0,0
0,0,0,0,0,0,0,0,0,0,0,0
0,0,0,0,0,1,1,0,1,1,0,0
0,1,0,0,0,1,1,1,0,0,0,0
0,0,0,0,0,0,0,0,0,0,1,0
0,0,0,0,0,0,0,0,0,1,0,0
1,0,0,0,0,0,0,0,0,1,0,0
0,0,0,0,0,1,0,0,0,1,0,0
0,0,0,1,0,1,1,0,0,0,0,0
0,0,0,0,0,0,0,0,0,0,0,0
0,0,0,0,0,1,0,0,0,0,0,0
1,0,0,1,0,0,0,0,0,0,0,0
0,0,1,0,0,0,0,1,0,0,0,0
0,0,0,0,0,0,0,0,0,0,0,0
0,0,1,0,0,0,1,0,0,0,0,0
0,0,0,0,0,0,1,0,0,0,0,0
0,0,0,0,0,0,0,0,0,0,0,0
1,0,0,1,0,1,0,1,0,0,1,0
0,0,0,0,1,0,1,0,0,1,0,0
0,0,0,0,0,1,0,0,0,1,0,0
1,0,0,0,0,1,0,0,0,0,0,0
0,0,0,0,0,1,1,0,0,0,0,0
0,0,0,0,0,0,0,0,0,1,0,0
1,1,1,1,0,0,1,0,1,0,0,0
0,0,0,0,0,0,0,0,0,0,0,0
0,0,0,0,0,0,0,1,1,0,0,0
0,0,1,0,0,0,0,0,0,0,0,0
0,0,0,0,0,0,0,0,1,0,0,0
0,0,0,0,0,0,0,0,0,0,0,0
0,0,0,0,0,0,1,0,0,0,0,0
0,0,0,0,0,0,0,0,1,0,0,0
0,1,0,0,0,1,0,0,0,0,0,0
1,1,0,0,0,0,0,0,0,0,0,0
0,0,0,0,0,0,0,0,0,0,0,0
0,0,0,0,0,0,0,0,0,1,0,0
0,0,0,0,1,0,0,0,0,0,1,0
0,0,0,1,0,0,0,0,0,0,0,0
0,0,1,0,0,0,1,1,0,0,0,0
0,0,1,0,0,0,0,0,0,0,0,0
0,0,0,0,1,0,0,1,0,1,0,0
0,0,0,0,0,0,0,0,0,0,0,0
0,0,0,0,0,0,0,0,0,0,0,0
1,1,0,0,0,1,0,0,0,0,1,0
0,0,0,0,0,0,0,0,0,0,0,0
0,0,1,0,1,0,0,0,0,0,0,0
0,0,0,1,1,0,0,0,0,0,0,0
0,0,1,0,0,0,0,0,0,0,0,0
0,0,0,0,1,0,0,0,1,0,0,0
0,0,1,1,1,0,1,1,1,0,0,0
0,0,1,0,0,0,1,0,0,0,0,0
0,0,0,0,0,0,0,1,1,1,0,0
0,0,0,0,0,0,0,0,1,0,0,0
0,0,0,0,0,0,0,0,0,0,0,0
1,1,1,1,1,1,1,1,1,1,1,0
0,0,0,0,0,0,0,0,0,0,0,0
0,0,0,1,1,1,1,1,1,1,1,0
1,1,1,1,1,1,1,1,1,1,1,0
0,1,0,0,0,0,0,0,1,0,0,0
0,0,1,0,0,0,1,0,0,0,0,0
1,1,0,0,0,1,0,0,0,1,1,0
0,0,0,0,0,0,0,0,0,0,0,0
1,1,0,0,0,1,0,0,0,0,0,0
1,0,0,0,0,0,0,0,0,0,0,0
0,0,1,0,0,0,0,1,1,0,0,0
0,0,0,0,0,0,1,0,0,0,0,0
1,1,0,0,0,1,1,1,1,1,1,0
0,0,0,0,0,1,0,0,0,0,0,0
1,1,0,0,0,1,0,0,0,0,0,0
0,0,0,0,0,1,0,0,0,0,0,0
0,0,0,0,0,0,0,0,0,0,1,0
1,0,0,0,0,1,0,0,0,0,1,0
1,0,0,0,0,0,1,0,0,0,0,0
0,0,1,0,0,0,0,0,0,1,0,0
0,0,1,0,0,0,0,0,0,0,0,0
0,0,0,0,0,0,0,0,0,0,0,0
0,0,1,0,0,0,1,0,0,0,0,0
0,0,1,0,0,0,0,0,0,0,0,0
1,0,1,0,0,0,1,0,0,0,0,0
0,0,0,0,0,0,0,0,0,0,0,0
0,0,0,0,0,0,0,1,1,0,0,0
0,0,0,0,0,0,1,0,0,0,0,0
0,0,0,0,0,0,0,0,1,0,0,0
0,0,1,0,0,0,0,0,0,0,0,0
0,0,0,0,0,1,0,0,1,0,1,0
0,0,0,0,0,1,0,0,0,0,0,0
0,0,1,0,0,0,0,0,0,0,0,0
0,0,1,0,0,0,0,0,0,0,0,0
1,0,0,0,1,0,0,0,0,0,0,0
0,0,0,0,0,0,0,0,0,0,0,1
1,0,0,0,1,1,0,0,0,0,0,0
0,0,0,0,0,0,0,0,0,1,0,0
0,0,0,1,0,0,0,0,0,0,0,0
0,0,1,0,0,0,0,0,1,0,0,0
0,1,1,1,1,1,1,1,1,1,1,0
0,1,1,0,0,1,1,0,1,0,0,0
0,0,1,0,0,0,1,0,1,0,0,0
0,0,0,0,0,0,0,0,0,1,0,0
0,0,0,0,0,0,0,0,0,0,0,0
0,0,0,0,0,0,1,0,0,1,0,0
0,0,1,0,0,0,0,0,0,0,0,0
0,0,0,0,0,1,0,0,0,0,1,0
0,0,0,0,0,0,1,0,0,0,0,0
0,0,0,0,0,0,0,0,0,0,0,0
0,0,0,0,0,1,0,0,0,0,0,0
0,0,0,0,0,0,1,0,0,0,0,0
1,1,1,0,0,0,0,0,0,1,0,0
0,0,0,0,0,0,1,0,0,0,0,0
1,0,0,0,0,0,1,0,0,1,0,0
0,0,0,0,0,0,0,0,0,0,0,0
0,0,0,0,0,0,0,1,0,0,0,0
0,0,1,0,0,0,0,0,0,0,0,0
0,0,1,1,0,0,0,0,0,0,0,0
0,0,1,0,0,0,1,0,0,0,0,0
1,0,1,0,1,1,0,0,0,0,1,0
0,0,1,0,0,0,0,0,0,0,0,0
1,1,1,0,0,1,1,1,1,1,1,0
0,0,1,0,1,0,1,0,0,0,0,0
0,0,0,0,0,0,1,0,0,0,0,0
0,0,0,0,0,0,0,0,0,0,0,0
0,0,0,1,0,0,1,0,0,0,0,0
0,0,0,0,0,0,1,0,0,0,0,0
0,0,0,0,0,0,1,0,0,0,0,0
0,0,0,0,0,0,0,0,0,1,0,0
0,1,0,0,0,0,0,0,0,0,0,0
0,0,0,0,0,0,0,0,0,0,0,0
1,0,1,0,0,1,0,0,1,1,0,0
0,0,0,0,0,0,0,0,0,0,0,0
1,1,0,1,0,0,1,0,0,0,1,0
1,0,1,0,0,0,0,0,0,0,0,0
0,0,1,0,0,0,1,0,0,0,0,0
0,0,0,0,0,0,0,0,0,0,0,0
0,0,0,0,0,0,0,0,0,0,0,0
0,0,0,0,0,0,0,0,0,0,0,0
0,0,1,1,0,0,0,0,0,0,0,0
0,0,0,0,0,1,1,0,0,0,1,0
0,0,1,0,0,0,0,0,0,1,0,0
1,0,0,0,0,0,0,0,0,0,0,0
1,0,0,0,0,0,0,0,0,0,0,0
0,0,0,0,0,0,0,0,0,0,0,0
0,0,1,0,0,0,1,0,0,0,0,0
1,0,0,0,0,1,0,1,1,0,0,0
1,0,0,0,0,0,1,0,0,0,0,0
0,0,0,0,0,0,0,0,1,0,0,0
0,0,0,0,0,0,0,0,1,0,0,0
0,0,1,0,0,0,0,0,0,0,0,0
0,0,0,0,0,1,0,0,0,0,0,0
0,0,0,0,0,1,0,0,1,0,0,0
0,0,1,0,0,0,0,0,0,0,0,0
0,0,0,0,0,0,1,0,0,0,0,0
0,0,0,0,0,1,0,0,0,0,0,0
0,0,0,0,0,0,0,0,0,0,0,0
0,0,0,1,0,0,0,0,0,0,0,0
0,0,0,0,0,0,1,1,1,0,0,0
0,0,1,0,0,1,0,0,0,1,0,0
0,0,0,0,0,0,0,0,0,0,0,0
0,0,1,0,0,0,0,0,0,0,0,0
0,0,1,0,0,0,0,0,0,0,1,0
0,0,1,0,0,0,1,1,1,0,0,0
0,0,1,0,1,0,0,0,1,0,0,0
0,0,0,0,0,0,0,0,0,0,0,0
1,1,0,0,0,1,0,0,0,0,1,0
0,0,0,0,0,1,0,0,0,0,0,0
0,0,0,1,0,0,0,0,0,0,0,0
0,0,1,0,0,0,0,0,0,0,0,0
0,0,0,0,0,0,0,0,0,1,0,0
0,0,0,0,0,1,0,0,0,0,0,0
0,0,0,0,0,0,0,0,0,0,0,0
0,0,1,0,0,0,0,0,0,0,0,0
0,0,0,0,0,0,0,0,1,0,0,0
0,0,1,0,0,0,0,0,0,0,0,0
0,0,0,1,0,1,1,1,1,1,1,0
0,0,0,0,0,0,0,0,0,0,0,1
0,0,0,0,0,0,0,0,0,1,0,0
1,0,1,0,0,0,0,0,0,0,0,0
1,0,1,0,0,0,0,0,0,0,0,0
0,0,1,0,1,0,0,0,0,0,0,0
0,0,1,0,0,1,1,0,0,0,0,0
0,0,1,0,0,0,0,0,0,0,0,0
0,0,0,0,0,0,0,0,0,0,0,0
0,0,0,0,0,0,0,0,0,0,0,0
0,0,0,0,0,1,1,0,0,0,0,0
1,0,0,0,0,0,0,0,0,0,1,0
1,0,0,0,1,0,0,0,0,1,1,0
0,0,1,0,0,0,0,0,0,0,0,0
0,0,0,0,0,0,0,0,0,0,0,0
0,0,0,0,0,0,0,0,0,1,0,0
1,1,1,0,1,1,1,0,0,1,1,0
0,0,1,1,0,0,1,1,1,0,0,0
0,1,1,0,1,1,1,1,0,0,0,0
0,0,1,0,0,0,1,0,1,0,1,0
0,0,1,0,0,0,1,0,0,0,0,0
0,0,0,0,0,1,0,0,0,0,0,0
0,0,0,0,0,0,0,0,0,0,0,0
0,0,0,0,0,0,0,0,0,1,0,0
1,1,0,0,1,1,0,0,0,0,0,0
1,1,1,1,1,1,1,1,1,1,1,0
1,1,1,0,0,1,1,0,0,1,1,0
0,0,1,0,0,0,0,0,0,0,0,0
0,0,0,0,0,0,0,0,0,0,0,0
0,0,0,0,0,1,0,0,1,0,0,0
0,0,0,0,0,0,0,0,0,0,0,0
0,0,1,0,0,0,1,0,0,1,0,0
0,0,0,0,0,1,0,0,0,0,0,0
1,1,1,0,0,1,0,0,0,1,1,0
0,0,0,0,0,0,0,0,0,0,1,0
0,0,1,0,0,0,0,0,0,0,0,0
0,0,0,0,0,1,1,0,0,1,1,0
0,0,1,0,0,0,1,1,1,0,0,0
1,0,1,0,0,0,0,0,1,0,0,0
0,0,0,0,0,1,0,0,0,0,0,0
0,0,0,0,0,0,0,0,1,0,0,0
0,0,0,0,0,0,0,0,0,0,0,0
0,1,1,0,0,0,0,0,1,0,1,0
0,0,0,0,0,0,0,0,0,0,1,0
0,0,0,0,0,0,0,0,0,0,0,0
1,0,1,0,0,1,0,0,0,0,1,0
0,0,1,0,0,0,0,0,0,1,0,0
0,0,1,1,1,1,1,1,0,0,0,0
0,0,0,0,0,1,0,0,0,0,0,0
0,0,0,0,0,1,0,0,1,0,0,0
0,0,1,0,0,1,0,0,0,0,0,0
0,0,1,0,0,0,0,0,0,0,0,0
1,0,0,0,0,0,0,0,0,0,0,0
0,0,0,0,0,0,0,0,0,0,0,0
0,0,1,0,0,1,1,0,0,1,0,0
0,0,1,0,0,0,0,0,0,1,0,0
0,0,0,0,0,0,0,0,1,0,1,0
0,0,1,0,0,0,0,0,0,0,0,0
0,0,0,0,0,0,0,1,0,0,0,0
0,1,0,0,0,1,0,0,0,1,0,0
1,1,0,0,0,0,0,0,0,0,0,0
0,0,1,0,0,0,0,0,0,0,0,0
0,0,0,0,0,0,0,1,1,1,0,0
0,0,0,0,0,0,1,0,0,0,0,0
1,0,0,0,1,0,1,1,0,1,0,0
1,1,0,0,0,1,1,1,0,0,0,0
1,1,0,0,0,0,0,0,0,0,0,0
0,0,0,0,0,1,0,0,0,1,0,0
0,1,0,0,0,0,1,0,0,0,0,0
0,0,1,0,0,0,0,0,0,0,0,0
0,0,0,0,0,0,0,0,0,1,0,0
0,1,1,0,0,0,0,0,0,0,1,0
0,0,0,0,0,1,0,0,0,0,1,0
0,0,1,0,0,0,0,0,0,0,0,0
0,0,0,0,0,0,0,0,0,0,0,0
1,1,0,0,0,0,0,0,0,0,1,0
0,0,0,0,0,0,0,0,0,0,0,0
1,1,0,1,1,1,0,1,0,0,1,0
0,0,1,0,0,1,0,0,0,0,0,0
0,0,0,0,0,0,0,0,0,1,0,0
0,0,0,0,0,0,0,1,0,0,0,0
0,0,0,0,0,0,1,0,0,0,0,0
0,0,0,0,0,0,1,0,0,1,0,0
0,0,0,0,0,0,0,0,0,1,0,0
1,0,1,0,0,0,1,0,1,0,0,0
0,0,0,0,0,0,0,0,0,0,0,0
1,0,0,0,0,0,0,0,0,0,0,0
1,0,0,0,0,0,0,0,0,1,0,0
1,0,0,0,0,0,0,0,0,0,0,0
1,1,0,0,0,1,0,0,0,0,0,0
0,0,0,0,0,1,0,0,0,0,0,0
0,0,0,0,0,0,0,0,0,1,0,0
0,0,0,0,0,0,0,0,0,1,0,0
0,0,1,0,0,0,0,0,0,0,0,0
0,0,0,0,0,0,0,0,0,0,0,0
0,0,0,0,0,0,0,0,0,0,0,0
0,1,0,0,0,0,0,0,0,1,0,0
0,0,1,0,0,0,0,0,0,0,0,0
1,1,0,0,0,0,1,0,0,0,0,0
0,0,0,0,0,0,0,0,0,0,0,0
0,0,1,0,0,0,1,0,0,0,0,0
0,0,0,0,0,0,0,0,0,0,0,0
1,0,0,0,1,0,0,0,0,0,0,0
0,0,1,0,0,1,0,0,0,0,0,0
0,0,1,0,0,0,0,0,0,0,0,0
0,0,0,0,1,0,0,0,0,0,1,0
1,1,1,1,1,1,1,1,1,1,1,0
0,0,1,0,0,0,1,0,0,0,0,0
1,1,1,1,1,1,1,1,1,1,1,0
0,0,0,0,0,0,1,0,0,0,0,0
0,0,0,0,0,0,0,0,0,0,0,0
0,0,1,1,0,1,0,1,0,0,0,0
0,0,1,0,0,0,1,0,0,0,0,0
0,0,1,1,0,0,0,0,0,0,0,0
0,1,0,0,1,0,0,1,1,0,1,0
0,0,0,0,0,0,0,0,0,0,1,0
0,0,1,0,0,0,0,0,0,0,0,0
0,0,0,0,0,0,0,0,0,0,0,0
0,0,0,1,0,0,1,0,0,0,0,0
0,0,0,0,0,1,0,0,0,0,0,0
0,0,0,0,0,0,0,1,0,0,0,0
1,1,1,1,1,1,1,1,1,1,1,0
0,0,0,0,0,1,0,0,0,1,0,0
0,0,0,0,0,0,0,0,0,1,0,0
0,0,0,0,0,0,0,0,0,0,0,0
1,0,0,0,0,0,0,0,0,0,0,0
0,0,1,0,0,0,0,0,0,0,0,0
1,1,0,0,1,0,0,0,0,0,0,0
0,0,0,0,1,0,1,0,1,0,0,0
0,0,0,0,0,0,0,0,0,0,0,0
0,0,1,0,0,1,0,0,0,0,0,0
0,0,0,1,0,0,1,0,1,0,0,0
1,0,0,0,1,1,0,0,0,1,1,0
1,0,0,0,0,0,0,0,0,0,0,0
1,0,0,0,0,0,0,0,0,0,0,0
0,0,1,0,0,0,0,0,0,0,0,0
1,0,0,0,1,1,0,0,0,0,0,0
0,0,0,0,0,0,1,0,0,0,0,0
0,0,0,0,0,0,0,0,0,0,0,0
0,0,1,0,0,0,1,0,0,0,0,0
1,0,1,1,1,0,1,0,0,1,0,0
0,0,0,0,0,0,0,0,0,0,0,0
0,0,0,0,0,0,0,0,0,1,0,0
1,1,1,1,1,0,1,1,1,0,0,0
1,0,0,0,0,1,1,0,1,0,0,0
0,0,0,0,0,0,0,0,0,0,0,0
0,0,0,0,0,0,1,0,0,0,0,0
0,0,0,1,0,0,1,0,0,0,0,0
0,0,0,0,0,0,1,0,0,0,0,0
0,0,0,1,0,0,0,0,0,0,0,0
0,0,0,0,0,0,0,0,1,0,0,0
0,0,0,1,0,0,0,0,0,1,1,0
0,0,0,1,0,0,0,1,0,0,0,0
0,1,0,0,1,1,0,0,0,0,0,0
0,0,0,0,0,0,0,0,0,0,0,0
0,0,1,1,0,0,0,0,0,1,0,0
0,0,1,0,0,0,0,0,0,0,0,0
1,0,1,0,0,0,0,0,0,1,0,0
0,0,0,0,0,1,0,0,0,0,1,0
0,0,0,0,0,0,1,0,0,0,0,0
0,0,0,0,0,0,0,0,0,0,0,0
0,0,0,0,0,0,1,1,1,0,0,0
0,0,1,0,0,0,0,0,0,0,0,0
0,0,1,0,0,0,1,0,1,0,0,0
0,0,0,0,0,0,0,0,0,0,0,0
0,0,0,0,0,0,1,1,0,0,0,0
0,1,1,1,0,0,1,1,1,0,1,0
1,1,0,0,0,0,0,0,0,0,0,0
0,0,0,0,0,0,0,0,0,0,0,0
0,0,0,0,0,0,0,1,0,0,0,0
1,0,0,0,1,0,0,0,0,0,0,0
0,1,0,0,1,0,0,0,0,0,0,0
1,0,0,0,0,0,0,0,0,0,1,0
1,0,0,0,0,0,1,0,0,0,0,0
1,1,1,1,1,1,1,1,1,1,1,0
0,0,0,0,0,0,0,0,1,0,0,0
0,0,1,0,0,0,0,0,1,0,0,0
0,0,0,0,0,0,1,0,0,1,0,0
0,0,1,0,1,0,1,0,0,0,0,0
0,0,0,0,0,0,0,0,0,0,0,0
0,0,1,0,0,1,0,0,0,0,0,0
0,0,0,0,0,0,0,0,0,0,0,0
0,0,0,0,1,0,0,0,0,1,0,0
0,0,1,0,0,0,0,0,0,0,0,0
0,0,1,1,0,0,1,1,1,0,0,0
0,0,1,0,0,0,0,1,1,0,0,0
0,0,0,0,0,0,0,1,0,0,0,0
0,0,1,0,0,1,0,0,0,0,1,0
1,0,1,0,0,1,0,0,0,1,0,0
0,0,0,1,0,0,0,0,0,0,0,0
0,1,0,0,0,0,0,0,0,0,0,0
0,0,0,0,0,0,1,0,0,0,0,0
0,0,1,0,0,0,0,0,0,0,0,0
0,0,0,0,0,0,0,0,0,0,0,0
0,0,0,0,0,0,0,1,0,0,0,0
0,0,0,0,0,0,0,0,0,0,0,0
1,0,1,0,1,0,1,0,1,1,0,0
0,0,0,0,0,0,0,0,0,1,0,0
0,0,1,0,0,1,0,0,0,0,0,0
0,0,0,0,0,0,0,0,1,0,0,0
1,1,1,0,1,1,0,0,0,0,1,0
0,0,1,0,0,0,0,0,0,0,0,0
0,1,0,0,0,0,0,0,0,0,0,0
1,1,0,0,0,0,0,0,0,1,1,0
0,0,0,0,0,0,0,0,0,0,0,0
1,1,0,0,0,1,0,0,0,1,1,0
1,1,1,0,0,0,1,1,1,1,1,0
0,0,0,0,0,1,0,0,0,1,0,0
0,0,0,0,0,0,0,0,0,0,0,0
1,0,0,0,0,1,1,0,0,0,0,0
1,1,0,0,0,0,1,0,0,0,0,0
0,0,1,1,0,0,1,1,1,0,1,0
0,0,0,0,0,0,0,0,0,0,0,0
0,0,0,0,0,0,1,0,0,0,0,0
1,1,0,0,0,1,0,0,0,1,1,0
1,1,1,1,1,1,1,1,1,1,1,0
0,0,0,1,0,1,0,0,0,0,0,0
1,1,1,1,1,1,1,1,1,1,1,0
0,0,0,1,0,0,0,0,0,0,0,0
0,0,0,0,0,1,0,0,0,0,0,0
0,0,0,0,0,1,0,0,0,0,0,0
0,0,0,0,0,0,0,0,0,0,0,0
0,0,0,0,0,1,1,0,0,0,0,0
0,1,0,0,0,1,0,0,0,0,0,0
0,0,0,0,0,1,0,0,0,0,0,0
1,1,0,0,0,0,0,0,0,1,0,0
0,0,0,0,0,0,0,0,0,0,0,0
0,0,0,0,0,0,0,0,0,0,0,0
0,0,1,0,0,0,0,0,0,0,0,0
0,0,0,0,0,0,0,0,0,0,0,0
0,0,0,0,0,0,0,0,0,0,0,0
0,0,0,0,0,0,0,0,1,0,0,0
0,0,0,0,0,0,0,0,0,1,0,0
1,1,0,0,1,1,1,0,1,1,1,0
0,0,0,0,0,0,0,0,0,0,0,0
0,0,0,0,0,0,1,0,0,0,0,0
0,0,0,0,0,1,0,0,0,1,0,0
0,0,0,0,0,0,1,0,1,0,0,0
0,0,0,0,0,1,0,0,0,0,0,0
0,0,1,0,0,0,0,0,0,0,0,0
1,1,1,1,1,1,1,1,1,1,1,0
0,0,0,0,0,0,0,0,0,0,0,0
0,0,0,0,0,1,0,0,0,1,0,0
0,0,0,0,0,1,0,0,0,0,0,0
0,0,0,0,0,0,0,0,0,0,0,0
0,0,0,0,0,1,0,0,0,0,0,0
1,1,1,0,0,1,1,0,0,1,1,0
0,0,1,0,0,0,0,0,0,0,0,0
0,0,1,0,1,0,0,0,0,1,0,0
0,0,0,0,0,0,0,0,0,0,0,0
0,1,0,0,1,0,0,0,0,1,0,0
0,0,0,1,0,0,0,0,0,0,0,0
0,0,0,0,0,0,0,0,0,0,0,0
0,1,0,0,0,0,0,0,0,0,1,0
1,1,0,0,0,1,0,0,0,0,0,0
0,0,0,0,0,0,0,0,0,1,0,0
1,1,0,0,0,1,0,1,0,1,0,0
0,0,0,0,0,0,0,0,0,1,0,0
0,1,0,0,0,0,0,0,0,0,0,0
0,1,0,0,0,1,0,0,1,0,0,0
0,0,0,0,0,0,0,0,0,1,0,0
0,0,1,0,0,1,0,0,0,1,1,0
1,1,1,1,1,1,1,1,1,1,1,0
1,1,1,0,0,1,1,1,0,1,1,0
0,0,0,0,0,0,0,0,0,0,0,0
0,0,0,0,0,0,0,1,0,0,0,0
0,0,1,0,0,0,0,0,0,0,0,0
0,0,1,0,0,0,0,0,0,0,0,0
0,0,0,0,0,1,0,0,0,0,0,0
0,0,0,0,0,0,0,0,0,1,0,0
0,0,0,0,1,0,0,0,0,0,0,0
1,0,0,1,0,0,0,1,0,1,0,0
0,1,0,0,0,0,0,0,0,0,0,0
1,0,0,0,0,0,1,0,0,0,0,0
0,0,0,0,0,0,0,0,0,0,0,0
0,0,0,0,0,0,0,0,0,0,0,0
0,0,1,0,0,0,0,1,0,0,0,0
1,0,0,0,0,1,0,1,1,0,1,0
0,0,0,0,0,0,0,0,0,0,0,0
1,1,1,0,1,0,0,0,0,0,1,0
1,1,0,0,0,0,0,0,0,0,0,0
0,0,0,0,0,0,0,0,1,0,0,0
0,0,0,0,0,0,1,0,0,1,0,0
0,0,0,0,0,0,1,1,0,0,0,0
0,0,0,0,0,0,0,0,0,0,0,0
0,0,1,1,0,1,1,1,0,0,0,0
0,0,1,0,0,0,1,1,0,0,0,0
0,0,0,0,1,0,0,0,0,0,1,0
1,0,0,0,0,0,0,0,0,0,0,0
0,0,0,0,0,0,1,0,0,0,0,0
1,1,0,0,0,1,0,0,0,0,1,0
0,0,0,0,1,0,0,1,1,0,0,0
0,0,0,0,0,0,0,1,0,0,0,0
0,0,0,0,0,1,1,0,0,1,0,0
0,0,0,0,0,0,0,0,0,0,0,0
0,0,1,0,1,0,0,0,0,0,0,0
0,0,0,0,0,0,0,0,0,0,0,0
0,0,0,1,0,0,1,1,0,0,0,0
0,0,0,0,0,0,0,0,1,0,0,0
0,0,1,0,0,0,1,1,1,0,0,0
0,0,1,1,1,0,1,0,0,0,0,0
0,0,0,0,0,0,0,0,0,0,0,0
0,0,0,0,0,0,0,0,0,0,0,0
0,0,1,1,0,0,0,0,0,0,1,0
0,0,0,0,0,0,0,0,0,0,0,0
1,0,0,0,0,0,0,0,0,0,0,0
0,0,0,0,1,0,0,0,0,0,0,0
0,0,1,0,0,1,0,0,0,0,0,0
1,0,0,0,0,0,0,0,0,0,0,0
1,0,0,0,0,1,0,0,0,0,1,0
1,1,0,0,1,0,0,0,0,1,0,0
1,0,0,0,0,1,1,1,1,0,1,0
0,0,0,0,0,0,0,0,0,0,1,0
0,0,0,0,0,0,0,0,0,0,0,0
0,0,0,1,0,0,0,0,0,1,0,0
0,0,0,0,0,0,1,0,0,0,0,0
1,1,0,0,0,0,0,1,0,0,0,0
0,0,1,0,0,0,0,0,0,1,0,0
0,0,1,0,0,0,1,0,1,0,0,0
1,1,0,0,0,1,0,0,0,0,1,0
0,0,0,0,1,0,0,0,0,0,0,0
0,0,0,1,0,0,0,0,0,0,0,0
0,0,0,0,0,0,0,1,1,0,0,0
1,0,1,1,0,0,1,0,0,0,1,0
0,0,1,0,0,0,0,0,0,0,0,0
0,0,0,0,0,1,0,0,0,1,0,0
0,0,1,0,0,1,0,0,0,0,0,0
0,0,1,0,0,0,0,0,0,0,1,0
1,0,0,0,1,1,1,0,0,0,1,0
0,0,0,0,0,0,0,0,0,1,0,0
0,0,0,0,0,0,0,0,0,0,0,0
1,0,0,0,0,1,0,0,0,1,0,0
0,1,1,0,0,1,0,1,1,1,0,0
0,0,1,0,0,0,0,1,0,0,0,0
0,0,0,0,0,1,0,0,0,0,0,0
0,0,0,0,0,0,0,0,0,0,0,0
1,1,1,0,0,0,0,0,0,0,1,0
0,0,0,0,0,0,0,0,0,0,1,0
0,0,0,0,0,0,0,0,0,0,0,0
0,0,0,0,0,0,0,0,0,0,0,0
0,0,1,0,0,0,1,0,0,0,0,0
1,0,1,0,0,0,0,0,0,1,1,0
1,0,0,1,0,0,1,0,1,0,0,0
0,1,0,1,1,1,0,0,0,0,1,0
0,0,0,0,0,1,0,1,0,0,0,0
0,0,1,0,0,1,0,0,0,1,1,0
1,0,0,0,0,1,0,0,0,0,0,0
0,0,0,0,0,0,0,0,0,0,0,1
0,0,0,0,0,0,0,0,0,0,0,0
0,0,0,0,0,1,0,0,0,1,1,0
0,0,0,0,0,0,1,0,0,0,0,0
0,0,0,0,0,0,0,0,1,0,0,0
0,0,0,0,0,0,0,0,0,0,0,0
0,0,1,0,1,0,1,1,1,1,0,0
0,0,0,0,0,1,0,0,0,0,0,0
0,0,0,0,0,0,0,1,1,0,0,0
1,1,1,1,1,1,1,1,1,1,1,0
0,0,1,0,0,0,0,0,0,0,0,0
1,0,1,1,0,0,1,0,1,1,0,0
0,0,1,0,0,1,0,0,0,1,1,0
0,0,1,0,0,0,1,1,1,0,0,0
0,0,1,0,1,0,0,1,1,0,0,0
0,0,1,0,0,1,0,0,0,0,1,0
0,0,1,0,0,0,0,0,0,0,0,0
1,1,0,1,1,0,0,0,0,0,0,0
0,0,1,0,0,0,0,0,0,0,0,0
0,0,0,0,0,0,0,0,0,0,0,0
0,0,0,0,0,0,0,0,0,1,0,0
0,0,0,1,0,0,1,1,0,0,0,0
0,0,0,0,0,0,0,0,0,0,0,0
0,0,0,0,0,0,0,0,0,0,0,0
1,1,0,0,0,0,0,0,0,1,0,0
0,0,1,0,0,1,0,0,0,1,0,0
0,0,1,0,0,0,0,0,0,0,0,0
1,0,0,0,0,0,1,1,0,0,0,0
0,0,0,0,0,0,1,0,0,1,1,0
0,0,0,0,0,0,0,0,0,0,0,0
1,1,0,0,0,0,1,0,1,1,0,0
0,0,0,0,0,0,0,0,0,0,0,0
0,0,1,0,0,1,0,0,0,0,0,0
0,0,0,0,0,0,0,0,0,0,0,0
1,1,0,0,0,1,0,0,0,1,0,0
0,0,0,0,0,0,0,0,0,0,0,0
1,1,1,1,1,1,1,1,1,1,1,0
